[
  {
    "inputs": [
      {
        "internalType": "bytes32",
        "name": "_loanMarket",
        "type": "bytes32"
      },
      {
        "internalType": "bytes32",
        "name": "_commitment",
        "type": "bytes32"
      },
      {
        "internalType": "uint256",
        "name": "_collateralAmount",
        "type": "uint256"
      }
    ],
    "name": "addCollateral",
    "outputs": [
      {
        "internalType": "bool",
        "name": "",
        "type": "bool"
      }
    ],
    "stateMutability": "nonpayable",
    "type": "function"
  },
  {
    "inputs": [],
    "name": "isPausedLoan",
    "outputs": [
      {
        "internalType": "bool",
        "name": "",
        "type": "bool"
      }
    ],
    "stateMutability": "view",
    "type": "function"
  },
  {
    "inputs": [],
    "name": "pauseLoan",
    "outputs": [],
    "stateMutability": "nonpayable",
    "type": "function"
  },
  {
    "inputs": [
      {
        "internalType": "bytes32",
        "name": "_market",
        "type": "bytes32"
      },
      {
        "internalType": "bytes32",
        "name": "_commitment",
        "type": "bytes32"
      },
      {
        "internalType": "bytes32",
        "name": "_swapMarket",
        "type": "bytes32"
      }
    ],
    "name": "swapLoan",
    "outputs": [
      {
        "internalType": "bool",
        "name": "success",
        "type": "bool"
      }
    ],
    "stateMutability": "nonpayable",
    "type": "function"
  },
  {
    "inputs": [
      {
        "internalType": "bytes32",
        "name": "_commitment",
        "type": "bytes32"
      },
      {
        "internalType": "bytes32",
        "name": "_loanMarket",
        "type": "bytes32"
      }
    ],
    "name": "swapToLoan",
    "outputs": [
      {
        "internalType": "bool",
        "name": "",
        "type": "bool"
      }
    ],
    "stateMutability": "nonpayable",
    "type": "function"
  },
  {
    "inputs": [],
    "name": "unpauseLoan",
    "outputs": [],
    "stateMutability": "nonpayable",
    "type": "function"
  },
  {
    "inputs": [
      {
        "internalType": "bytes32",
        "name": "_market",
        "type": "bytes32"
      },
      {
        "internalType": "bytes32",
        "name": "_commitment",
        "type": "bytes32"
      }
    ],
    "name": "withdrawCollateral",
    "outputs": [
      {
        "internalType": "bool",
        "name": "",
        "type": "bool"
      }
    ],
    "stateMutability": "nonpayable",
    "type": "function"
  },
  {
    "inputs": [
      {
        "internalType": "bytes32",
        "name": "_loanMarket",
        "type": "bytes32"
      },
      {
        "internalType": "bytes32",
        "name": "_commitment",
        "type": "bytes32"
      },
      {
        "internalType": "uint256",
        "name": "_amount",
        "type": "uint256"
      }
    ],
    "name": "withdrawPartialLoan",
    "outputs": [
      {
        "internalType": "bool",
        "name": "",
        "type": "bool"
      }
    ],
    "stateMutability": "nonpayable",
    "type": "function"
  }
]
