[
  {
    "inputs": [],
    "name": "isPausedLiquidator",
    "outputs": [
      {
        "internalType": "bool",
        "name": "",
        "type": "bool"
      }
    ],
    "stateMutability": "view",
    "type": "function"
  },
  {
    "inputs": [],
    "name": "pauseLiquidator",
    "outputs": [],
    "stateMutability": "nonpayable",
    "type": "function"
  },
  {
    "inputs": [
      {
        "internalType": "bytes32",
        "name": "_fromMarket",
        "type": "bytes32"
      },
      {
        "internalType": "bytes32",
        "name": "_toMarket",
        "type": "bytes32"
      },
      {
        "internalType": "uint256",
        "name": "_fromAmount",
        "type": "uint256"
      },
      {
        "internalType": "uint8",
        "name": "mode",
        "type": "uint8"
      }
    ],
    "name": "swap",
    "outputs": [
      {
        "internalType": "uint256",
        "name": "receivedAmount",
        "type": "uint256"
      }
    ],
    "stateMutability": "nonpayable",
    "type": "function"
  },
  {
    "inputs": [],
    "name": "unpauseLiquidator",
    "outputs": [],
    "stateMutability": "nonpayable",
    "type": "function"
  }
]
