[
  {
    "inputs": [
      {
        "internalType": "bytes32",
        "name": "_market",
        "type": "bytes32"
      }
    ],
    "name": "avblMarketReserves",
    "outputs": [
      {
        "internalType": "uint256",
        "name": "",
        "type": "uint256"
      }
    ],
    "stateMutability": "view",
    "type": "function"
  },
  {
    "inputs": [],
    "name": "isPausedReserve",
    "outputs": [
      {
        "internalType": "bool",
        "name": "",
        "type": "bool"
      }
    ],
    "stateMutability": "view",
    "type": "function"
  },
  {
    "inputs": [
      {
        "internalType": "bytes32",
        "name": "_market",
        "type": "bytes32"
      }
    ],
    "name": "marketReserves",
    "outputs": [
      {
        "internalType": "uint256",
        "name": "",
        "type": "uint256"
      }
    ],
    "stateMutability": "view",
    "type": "function"
  },
  {
    "inputs": [
      {
        "internalType": "bytes32",
        "name": "_market",
        "type": "bytes32"
      }
    ],
    "name": "marketUtilisation",
    "outputs": [
      {
        "internalType": "uint256",
        "name": "",
        "type": "uint256"
      }
    ],
    "stateMutability": "view",
    "type": "function"
  },
  {
    "inputs": [],
    "name": "pauseReserve",
    "outputs": [],
    "stateMutability": "nonpayable",
    "type": "function"
  },
  {
    "inputs": [
      {
        "internalType": "address",
        "name": "token_",
        "type": "address"
      },
      {
        "internalType": "address",
        "name": "recipient_",
        "type": "address"
      },
      {
        "internalType": "uint256",
        "name": "value_",
        "type": "uint256"
      }
    ],
    "name": "transferAnyBEP20",
    "outputs": [
      {
        "internalType": "bool",
        "name": "",
        "type": "bool"
      }
    ],
    "stateMutability": "nonpayable",
    "type": "function"
  },
  {
    "inputs": [],
    "name": "unpauseReserve",
    "outputs": [],
    "stateMutability": "nonpayable",
    "type": "function"
  }
]
