[
  {
    "inputs": [
      {
        "internalType": "bytes32",
        "name": "_market",
        "type": "bytes32"
      }
    ],
    "name": "avblReservesDeposit",
    "outputs": [
      {
        "internalType": "uint256",
        "name": "",
        "type": "uint256"
      }
    ],
    "stateMutability": "view",
    "type": "function"
  },
  {
    "inputs": [
      {
        "internalType": "bytes32",
        "name": "_market",
        "type": "bytes32"
      },
      {
        "internalType": "bytes32",
        "name": "_commitment",
        "type": "bytes32"
      },
      {
        "internalType": "uint256",
        "name": "_amount",
        "type": "uint256"
      }
    ],
    "name": "depositRequest",
    "outputs": [
      {
        "internalType": "bool",
        "name": "success",
        "type": "bool"
      }
    ],
    "stateMutability": "nonpayable",
    "type": "function"
  },
  {
    "inputs": [
      {
        "internalType": "uint256",
        "name": "_requestId",
        "type": "uint256"
      }
    ],
    "name": "getFairPriceDeposit",
    "outputs": [
      {
        "internalType": "uint256",
        "name": "",
        "type": "uint256"
      }
    ],
    "stateMutability": "nonpayable",
    "type": "function"
  },
  {
    "inputs": [
      {
        "internalType": "address",
        "name": "account_",
        "type": "address"
      }
    ],
    "name": "hasAccount",
    "outputs": [
      {
        "internalType": "bool",
        "name": "",
        "type": "bool"
      }
    ],
    "stateMutability": "view",
    "type": "function"
  },
  {
    "inputs": [
      {
        "internalType": "bytes32",
        "name": "_market",
        "type": "bytes32"
      },
      {
        "internalType": "bytes32",
        "name": "_commitment",
        "type": "bytes32"
      }
    ],
    "name": "hasDeposit",
    "outputs": [
      {
        "internalType": "bool",
        "name": "",
        "type": "bool"
      }
    ],
    "stateMutability": "view",
    "type": "function"
  },
  {
    "inputs": [
      {
        "internalType": "bytes32",
        "name": "_market",
        "type": "bytes32"
      },
      {
        "internalType": "bytes32",
        "name": "_commitment",
        "type": "bytes32"
      }
    ],
    "name": "hasYield",
    "outputs": [
      {
        "internalType": "bool",
        "name": "",
        "type": "bool"
      }
    ],
    "stateMutability": "view",
    "type": "function"
  },
  {
    "inputs": [],
    "name": "isPausedDeposit",
    "outputs": [
      {
        "internalType": "bool",
        "name": "",
        "type": "bool"
      }
    ],
    "stateMutability": "view",
    "type": "function"
  },
  {
    "inputs": [],
    "name": "pauseDeposit",
    "outputs": [],
    "stateMutability": "nonpayable",
    "type": "function"
  },
  {
    "inputs": [],
    "name": "unpauseDeposit",
    "outputs": [],
    "stateMutability": "nonpayable",
    "type": "function"
  },
  {
    "inputs": [
      {
        "internalType": "bytes32",
        "name": "_market",
        "type": "bytes32"
      }
    ],
    "name": "utilisedReservesDeposit",
    "outputs": [
      {
        "internalType": "uint256",
        "name": "",
        "type": "uint256"
      }
    ],
    "stateMutability": "view",
    "type": "function"
  },
  {
    "inputs": [
      {
        "internalType": "bytes32",
        "name": "_market",
        "type": "bytes32"
      },
      {
        "internalType": "bytes32",
        "name": "_commitment",
        "type": "bytes32"
      },
      {
        "internalType": "uint256",
        "name": "_amount",
        "type": "uint256"
      }
    ],
    "name": "withdrawDeposit",
    "outputs": [
      {
        "internalType": "bool",
        "name": "",
        "type": "bool"
      }
    ],
    "stateMutability": "nonpayable",
    "type": "function"
  }
]
