[
  {
    "inputs": [
      {
        "internalType": "bytes32",
        "name": "_market",
        "type": "bytes32"
      }
    ],
    "name": "avblReservesLoan",
    "outputs": [
      {
        "internalType": "uint256",
        "name": "",
        "type": "uint256"
      }
    ],
    "stateMutability": "view",
    "type": "function"
  },
  {
    "inputs": [
      {
        "internalType": "address",
        "name": "_account",
        "type": "address"
      }
    ],
    "name": "hasLoanAccount",
    "outputs": [
      {
        "internalType": "bool",
        "name": "",
        "type": "bool"
      }
    ],
    "stateMutability": "view",
    "type": "function"
  },
  {
    "inputs": [],
    "name": "isPausedLoanExt",
    "outputs": [
      {
        "internalType": "bool",
        "name": "",
        "type": "bool"
      }
    ],
    "stateMutability": "view",
    "type": "function"
  },
  {
    "inputs": [
      {
        "internalType": "address",
        "name": "account",
        "type": "address"
      },
      {
        "internalType": "bytes32",
        "name": "_market",
        "type": "bytes32"
      },
      {
        "internalType": "bytes32",
        "name": "_commitment",
        "type": "bytes32"
      }
    ],
    "name": "liquidation",
    "outputs": [
      {
        "internalType": "bool",
        "name": "success",
        "type": "bool"
      }
    ],
    "stateMutability": "nonpayable",
    "type": "function"
  },
  {
    "inputs": [
      {
        "internalType": "bytes32",
        "name": "_market",
        "type": "bytes32"
      },
      {
        "internalType": "bytes32",
        "name": "_commitment",
        "type": "bytes32"
      },
      {
        "internalType": "uint256",
        "name": "_loanAmount",
        "type": "uint256"
      },
      {
        "internalType": "bytes32",
        "name": "_collateralMarket",
        "type": "bytes32"
      },
      {
        "internalType": "uint256",
        "name": "_collateralAmount",
        "type": "uint256"
      }
    ],
    "name": "loanRequest",
    "outputs": [
      {
        "internalType": "bool",
        "name": "",
        "type": "bool"
      }
    ],
    "stateMutability": "nonpayable",
    "type": "function"
  },
  {
    "inputs": [],
    "name": "pauseLoanExt",
    "outputs": [],
    "stateMutability": "nonpayable",
    "type": "function"
  },
  {
    "inputs": [
      {
        "internalType": "bytes32",
        "name": "_market",
        "type": "bytes32"
      },
      {
        "internalType": "bytes32",
        "name": "_commitment",
        "type": "bytes32"
      },
      {
        "internalType": "uint256",
        "name": "_repayAmount",
        "type": "uint256"
      }
    ],
    "name": "repayLoan",
    "outputs": [
      {
        "internalType": "bool",
        "name": "",
        "type": "bool"
      }
    ],
    "stateMutability": "nonpayable",
    "type": "function"
  },
  {
    "inputs": [],
    "name": "unpauseLoanExt",
    "outputs": [],
    "stateMutability": "nonpayable",
    "type": "function"
  },
  {
    "inputs": [
      {
        "internalType": "bytes32",
        "name": "_market",
        "type": "bytes32"
      }
    ],
    "name": "utilisedReservesLoan",
    "outputs": [
      {
        "internalType": "uint256",
        "name": "",
        "type": "uint256"
      }
    ],
    "stateMutability": "view",
    "type": "function"
  }
]
